1765976261163840,0,1.59995,1.59946,-0.0251347,0.0138535
1765976261183921,0,1.59998,1.60199,0.126096,0.0187601
1765976261203935,0,1.60001,1.6041,0.105152,0.0226191
1765976261223929,0,1.60002,1.60127,-0.141419,0.0309676
1765976261243916,0,1.60001,1.5985,-0.138558,0.0307806
1765976261263887,0,1.59996,1.59671,-0.0897815,0.00896513
1765976261283883,0,1.59989,1.59698,0.0136522,-0.0267472
1765976261303872,0,1.59981,1.59858,0.0796876,-0.0543508
1765976261323855,0,1.59973,1.59943,0.0425641,-0.0573031
1765976261343870,0,1.59964,1.60083,0.070388,-0.0358499
1765976261363899,0,1.59965,1.60274,0.0953186,-0.00107601
1765976261383893,0,1.59968,1.60223,-0.0257987,0.0338329
1765976261403903,0,1.59975,1.6006,-0.0815044,0.0544012
1765976261423882,0,1.59987,1.59897,-0.081249,0.0498884
1765976261443877,0,1.59988,1.59785,-0.0564001,0.022522
1765976261463880,0,1.59986,1.59856,0.0359362,-0.012546
1765976261483898,0,1.5998,1.60006,0.0746175,-0.0361117
1765976261503877,0,1.59974,1.60005,-0.000459438,-0.0374553
1765976261523889,0,1.59965,1.59978,-0.0134268,-0.0222344
1765976261543880,0,1.59963,1.6,0.0111451,-0.00409627
1765976261563902,0,1.59964,1.60035,0.017439,0.00887376
1765976261583879,0,1.59967,1.5999,-0.0225267,0.015175
1765976261603908,0,1.5997,1.59981,-0.00464838,0.0149065
1765976261623893,0,1.59973,1.59997,0.00811828,0.00975879
1765976261643908,0,1.59974,1.59954,-0.0217751,0.00313607
1765976261663905,0,1.59973,1.59973,0.00962759,-0.0025283
1765976261683927,0,1.59972,1.60005,0.0162006,-0.00566545
1765976261703869,0,1.59971,1.5984,-0.0826849,-0.00658803
1765976261723920,0,1.59969,1.59881,0.0204994,-0.00867486
1765976261743886,0,1.59969,1.60006,0.0622616,-0.0109933
1765976261763892,0,1.5997,1.59921,-0.0425747,-0.00867039
1765976261783891,0,1.59971,1.59993,0.0360686,-0.00259448
1765976261803925,0,1.59974,1.60114,0.0605865,0.00452243
1765976261823886,0,1.5998,1.60019,-0.0477351,0.0122009
1765976261843899,0,1.59983,1.59887,-0.0657131,0.0155672
1765976261863905,0,1.59986,1.59984,0.048301,0.0100664
1765976261883902,0,1.59988,1.59985,0.000697479,0.000886512
1765976261903887,0,1.59989,1.59919,-0.0329921,-0.00513657
1765976261923894,0,1.59989,1.59935,0.00760885,-0.00803693
1765976261943882,0,1.59989,1.59968,0.0166576,-0.00888704
1765976261963874,0,1.5999,1.59945,-0.0116276,-0.00704975
1765976261983910,0,1.59991,1.60097,0.0759724,-0.00233709
1765976262003932,0,1.59994,1.60243,0.0730307,0.00688607
1765976262023868,0,1.59999,1.59934,-0.155147,0.0179289
1765976262043922,0,1.60001,1.59885,-0.0245564,0.0192597
1765976262063902,0,1.60002,1.60029,0.0722893,0.00756449
1765976262083926,0,1.60003,1.60004,-0.0124543,-0.00496655
1765976262103914,0,1.60001,1.60015,0.0053736,-0.0094369
1765976262123900,0,1.59998,1.59897,-0.0590798,-0.00875877
1765976262143900,0,1.59998,1.59901,0.0020504,-0.00874758
1765976262163900,0,1.59997,1.59976,0.0377715,-0.00997462
1765976262183895,0,1.59998,1.60008,0.0160019,-0.00826054
1765976262203919,0,1.59999,1.60099,0.0451202,-0.00138824
1765976262223836,0,1.60004,1.59874,-0.11305,0.0064713
1765976262243871,0,1.60007,1.59823,-0.025014,0.00689464
1765976262263894,0,1.6001,1.60183,0.179555,0.000711165
1765976262283907,0,1.60012,1.60257,0.0370619,0.00191441
1765976262303903,0,1.60018,1.60139,-0.0590681,0.0146848
1765976262323843,0,1.60019,1.59807,-0.166295,0.0227896
1765976262343872,0,1.6002,1.59792,-0.00756478,0.0115682
1765976262363888,0,1.60019,1.6009,0.148619,-0.0103103
1765976262383916,0,1.60018,1.60228,0.0689078,-0.0195781
1765976262403928,0,1.60017,1.60229,0.000434853,-0.00734297
1765976262423901,0,1.60015,1.59994,-0.117699,0.0116525
1765976262443947,0,1.60015,1.5998,-0.00681502,0.0185192
1765976262463923,0,1.60015,1.59993,0.00639729,0.0101778
1765976262483942,0,1.60014,1.59921,-0.0357408,-0.00359292
1765976262503910,0,1.60012,1.59885,-0.0182742,-0.0152346
1765976262523923,0,1.60007,1.59884,-0.000285916,-0.022558
1765976262543848,0,1.60005,1.59786,-0.0490957,-0.0252118
1765976262563945,0,1.60005,1.60067,0.139579,-0.0224185
1765976262583885,0,1.60007,1.6025,0.0920972,-0.00940372
1765976262603881,0,1.60011,1.59958,-0.146251,0.0120671
1765976262623881,0,1.60023,1.60003,0.0222981,0.0261677
1765976262643876,0,1.60028,1.60027,0.0122399,0.0243075
1765976262663877,0,1.60033,1.60041,0.00706876,0.0145373
1765976262683939,0,1.60036,1.60256,0.107153,0.0074999
1765976262703878,0,1.60038,1.60112,-0.0723363,0.00786024
1765976262723899,0,1.60037,1.5988,-0.115803,0.00895123
1765976262743865,0,1.60035,1.59884,0.00186283,0.000352315
1765976262763849,0,1.60032,1.59814,-0.0350338,-0.0159204
1765976262783923,0,1.6003,1.60183,0.183992,-0.0266027
1765976262803921,0,1.60026,1.60385,0.100867,-0.0179196
1765976262823876,0,1.60027,1.60014,-0.185747,0.00697584
1765976262843854,0,1.60028,1.59753,-0.130505,0.0224433
1765976262863915,0,1.6003,1.60028,0.136632,0.0134337
1765976262883933,0,1.6003,1.60304,0.138063,-0.00149062
1765976262903915,0,1.60029,1.60124,-0.0902034,-0.0013056
1765976262923890,0,1.60028,1.59862,-0.130972,0.00589055
1765976262943898,0,1.60025,1.59851,-0.00573763,0.00189061
1765976262963852,0,1.60023,1.5983,-0.0101263,-0.0131813
1765976262983918,0,1.6002,1.60062,0.115211,-0.0250215
1765976263003926,0,1.60019,1.60347,0.142726,-0.0197577
1765976263023899,0,1.60019,1.60113,-0.117431,0.00289529
1765976263043928,0,1.6002,1.60024,-0.04424,0.024197
1765976263063897,0,1.60022,1.59962,-0.0310366,0.026939
1765976263083926,0,1.60023,1.59946,-0.00815401,0.0131668
1765976263103929,0,1.6002,1.60066,0.060287,-0.00377343
1765976263123899,0,1.60017,1.59933,-0.0669052,-0.0136322
1765976263143882,0,1.60014,1.59822,-0.0551394,-0.017377
1765976263163890,0,1.60011,1.5994,0.0587109,-0.0200022
1765976263183925,0,1.60009,1.60191,0.125249,-0.0171841
1765976263203923,0,1.60009,1.60244,0.0264194,-0.00194123
1765976263223932,0,1.60011,1.60122,-0.0610673,0.0195511
1765976263243887,0,1.60012,1.59887,-0.117549,0.0301556
1765976263263915,0,1.60013,1.59856,-0.0154993,0.0198902
1765976263283921,0,1.60013,1.60046,0.0948145,-0.00180188
1765976263303907,0,1.60006,1.60007,-0.0195581,-0.0164694
1765976263323889,0,1.60002,1.59911,-0.0479653,-0.0183872
1765976263343837,0,1.59998,1.59767,-0.0719272,-0.0166296
1765976263363909,0,1.59996,1.60045,0.138238,-0.0164861
1765976263383909,0,1.59995,1.60347,0.151384,-0.00897808
1765976263403925,0,1.59998,1.60232,-0.0578775,0.0125177
1765976263423839,0,1.6,1.5983,-0.201723,0.0318717
1765976263443899,0,1.60001,1.59801,-0.0146129,0.0271745
1765976263463907,0,1.6,1.60139,0.168971,0.00400367
1765976263483932,0,1.59998,1.60171,0.0162041,-0.0112308
1765976263503918,0,1.59991,1.60069,-0.0511229,-0.00808439
1765976263523910,0,1.59987,1.59888,-0.0905578,-0.00030312
1765976263543920,0,1.59983,1.59896,0.00403322,-0.00142289
1765976263563934,0,1.5998,1.59997,0.0507179,-0.00910463
1765976263583921,0,1.59978,1.59977,-0.0102825,-0.013266
1765976263603922,0,1.59973,1.59926,-0.0252949,-0.011158
1765976263623837,0,1.59972,1.59688,-0.119628,-0.00964091
1765976263643930,0,1.59972,1.59936,0.12357,-0.0133298
1765976263663913,0,1.59973,1.60297,0.18063,-0.0121151
1765976263683933,0,1.59975,1.60166,-0.0654401,0.00503658
1765976263703915,0,1.59981,1.60035,-0.0655406,0.0267323
1765976263723896,0,1.59984,1.59824,-0.106,0.0319369
1765976263743915,0,1.59985,1.59871,0.0235215,0.0159392
1765976263763931,0,1.59984,1.60039,0.0843565,-0.00644437
1765976263783916,0,1.59982,1.60008,-0.0159741,-0.0176337
1765976263803919,0,1.59976,1.59942,-0.0329147,-0.01543
1765976263823923,0,1.59974,1.59977,0.0177825,-0.00891041
1765976263843924,0,1.59974,1.59991,0.00673499,-0.00331872
1765976263863879,0,1.59974,1.5984,-0.075779,-0.000229992
1765976263883928,0,1.59975,1.59949,0.0547736,-0.0013979
1765976263903920,0,1.59977,1.60133,0.0921081,-0.0024495
1765976263923927,0,1.59979,1.60054,-0.0395934,0.00318231
1765976263943911,0,1.5998,1.59963,-0.0456281,0.0111122
1765976263963927,0,1.59982,1.59946,-0.00839158,0.0120007
1765976263983893,0,1.59983,1.5989,-0.0280261,0.00472951
1765976264003846,0,1.59983,1.59688,-0.101501,-0.0073928
1765976264023882,0,1.59982,1.59885,0.0986648,-0.0207355
1765976264043927,0,1.59981,1.60313,0.213167,-0.0232497
1765976264063889,0,1.59982,1.60215,-0.0491181,-0.00422991
1765976264083890,0,1.59985,1.59953,-0.130677,0.0226424
1765976264103871,0,1.59992,1.59879,-0.0370616,0.0318656
1765976264123878,0,1.59994,1.59889,0.00502887,0.0181891
1765976264143858,0,1.59995,1.59921,0.0158767,-0.00317107
1765976264163894,0,1.59995,1.60051,0.0649237,-0.0166302
1765976264183884,0,1.59993,1.60137,0.0427818,-0.0152223
1765976264203899,0,1.59991,1.60075,-0.0310546,-0.00238249
1765976264223881,0,1.59991,1.59991,-0.0416057,0.0102194
1765976264243941,0,1.59991,1.60089,0.0485692,0.0142892
1765976264263908,0,1.59992,1.60066,-0.0112302,0.0120241
1765976264283945,0,1.59992,1.59959,-0.0534797,0.0073897
1765976264303890,0,1.59988,1.59841,-0.0591116,-0.000904279
1765976264323931,0,1.59985,1.59834,-0.00357491,-0.0134219
1765976264343908,0,1.59982,1.59976,0.0711902,-0.0235768
1765976264363932,0,1.59979,1.60003,0.0133295,-0.0229846
1765976264383887,0,1.59978,1.59943,-0.030216,-0.0123766
1765976264403876,0,1.5998,1.59811,-0.0660843,-0.0019578
1765976264423892,0,1.59984,1.59981,0.0851784,0.00137924
1765976264443837,0,1.59988,1.59936,-0.0227481,0.00137425
1765976264463880,0,1.59992,1.60011,0.0375298,0.00312974
1765976264483870,0,1.59997,1.60187,0.0879549,0.00820023
1765976264503866,0,1.60006,1.60076,-0.0553838,0.016503
1765976264523909,0,1.60009,1.6016,0.0416694,0.0234599
1765976264543908,0,1.60012,1.60168,0.00418446,0.024961
1765976264563946,0,1.60013,1.60109,-0.029609,0.0217013
1765976264583890,0,1.60012,1.59874,-0.117518,0.0124749
1765976264603909,0,1.60004,1.59727,-0.0736907,-0.00606064
1765976264623874,0,1.59998,1.59795,0.0342253,-0.0296318
1765976264643935,0,1.59992,1.60028,0.116149,-0.0437451
1765976264663923,0,1.59988,1.6022,0.0959197,-0.0351055
1765976264683905,0,1.59986,1.60008,-0.105929,-0.00798868
1765976264703923,0,1.5999,1.59983,-0.0127082,0.0166387
1765976264723919,0,1.59995,1.60015,0.0163111,0.0245778
1765976264743921,0,1.59999,1.59976,-0.0198642,0.0192427
1765976264763928,0,1.60002,1.59994,0.0092474,0.00917642
1765976264783939,0,1.60003,1.60033,0.0196706,0.000294487
1765976264803914,0,1.60002,1.59944,-0.0447833,-0.00457546
1765976264823867,0,1.60001,1.59729,-0.107726,-0.00897183
1765976264843927,0,1.6,1.59961,0.115828,-0.016182
1765976264863918,0,1.59999,1.6022,0.129204,-0.01716
1765976264883892,0,1.6,1.60024,-0.0981773,-0.00393688
1765976264903897,0,1.60005,1.59954,-0.0347587,0.0120223
1765976264923901,0,1.60008,1.60025,0.0353623,0.0168327
1765976264943912,0,1.60012,1.60076,0.0257172,0.0130171
1765976264963875,0,1.60014,1.59955,-0.0608676,0.00793332
1765976264983923,0,1.60016,1.60022,0.03359,0.00257567
1765976265003843,0,1.60016,1.59921,-0.0505921,-0.00312742
1765976265023864,0,1.60016,1.59809,-0.0563566,-0.00939464
1765976265043940,0,1.60015,1.60301,0.245241,-0.0129172
1765976265063914,0,1.60016,1.60337,0.0182986,-0.00279583
1765976265083920,0,1.60017,1.6004,-0.148431,0.0183999
1765976265103915,0,1.60019,1.59938,-0.0514874,0.0285562
1765976265123922,0,1.60019,1.59908,-0.0146934,0.0169033
1765976265143941,0,1.60017,1.6,0.0460545,-0.00437045
1765976265163839,0,1.60014,1.59714,-0.14409,-0.0214539
1765976265183840,0,1.6001,1.5959,-0.0617712,-0.0346199
1765976265203935,0,1.59974,1.60271,0.338668,-0.0411591
1765976265223894,0,1.59932,1.60431,0.0801537,-0.0235079
1765976265243929,0,1.599,1.60193,-0.118769,0.0173775
1765976265263894,0,1.59874,1.6001,-0.0914326,0.049238
1765976265283896,0,1.59861,1.5978,-0.115163,0.0474306
1765976265303876,0,1.59883,1.59736,-0.022034,0.0164414
1765976265323884,0,1.59918,1.59776,0.0199298,-0.0222901
1765976265343892,0,1.59969,1.59921,0.0727601,-0.0464122
1765976265363900,0,1.60039,1.60001,0.0397523,-0.0453573
1765976265383875,0,1.60116,1.59929,-0.0358374,-0.0253229
1765976265403879,0,1.60303,1.59906,-0.011418,-0.00248954
1765976265423839,0,1.60396,1.59909,0.00120045,0.0111298
1765976265443842,0,1.60492,1.6,0.0458947,0.0151178
1765976265463837,0,1.60577,1.60259,0.129297,0.017461
1765976265483924,0,1.60726,1.6072,0.229416,0.0297562
1765976265503923,0,1.60784,1.60931,0.105613,0.0580736
1765976265523847,0,1.60825,1.60444,-0.244593,0.0876248
1765976265543929,0,1.6085,1.60524,0.0399264,0.0914204
1765976265563872,0,1.60858,1.60702,0.0890707,0.0660408
1765976265583944,0,1.60849,1.608,0.0488965,0.0356922
1765976265603920,0,1.60778,1.60966,0.0833558,0.0198776
1765976265623870,0,1.60715,1.60626,-0.170604,0.0168654
1765976265643899,0,1.60641,1.60655,0.014582,0.0125016
1765976265663902,0,1.60566,1.60861,0.103107,0.00251437
1765976265683934,0,1.6047,1.60926,0.0322601,-0.00178133
1765976265703922,0,1.60254,1.60813,-0.0563423,0.003951
1765976265723911,0,1.60146,1.60516,-0.148837,0.00762292
1765976265743906,0,1.60028,1.60326,-0.0951349,-0.00401702
1765976265763928,0,1.59916,1.60295,-0.0154802,-0.0295851
1765976265783883,0,1.59686,1.60092,-0.101592,-0.0556201
1765976265803920,0,1.59578,1.59987,-0.0525397,-0.0731184
1765976265823917,0,1.59467,1.60007,0.00999124,-0.0796682
1765976265843947,0,1.5936,1.59894,-0.0561766,-0.0742628
1765976265863891,0,1.59266,1.59563,-0.165903,-0.0632495
1765976265883921,0,1.59092,1.59342,-0.110318,-0.0595324
1765976265903899,0,1.59012,1.59317,-0.012495,-0.0668412
1765976265923911,0,1.58936,1.59209,-0.0542554,-0.0754435
1765976265943891,0,1.58876,1.59119,-0.0448556,-0.0767292
1765976265963927,0,1.58824,1.5911,-0.00452181,-0.0700843
1765976265983917,0,1.58738,1.59082,-0.0142049,-0.0575037
1765976266003910,0,1.58706,1.58864,-0.108685,-0.0433917
1765976266023922,0,1.5868,1.58794,-0.0352886,-0.0352578
1765976266043899,0,1.58661,1.58691,-0.05151,-0.0356981
1765976266063926,0,1.58648,1.58687,-0.00182144,-0.0399318
1765976266083917,0,1.5864,1.58728,0.0202866,-0.0410291
1765976266103893,0,1.58646,1.58572,-0.0780864,-0.0362031
1765976266123908,0,1.58658,1.58587,0.00740926,-0.029353
1765976266143919,0,1.58672,1.58724,0.0687579,-0.0224738
1765976266163911,0,1.58692,1.58708,-0.00794252,-0.0123137
1765976266183892,0,1.58746,1.58595,-0.0564754,-0.000844133
1765976266203883,0,1.58775,1.5856,-0.017472,0.00426873
1765976266223884,0,1.58813,1.58653,0.0463045,0.00177466
1765976266243929,0,1.58852,1.58905,0.12565,0.000659885
1765976266263892,0,1.58894,1.58892,-0.00671198,0.00911445
1765976266283909,0,1.58981,1.5878,-0.0556949,0.0220743
1765976266303894,0,1.59033,1.58819,0.0197022,0.0275188
1765976266323887,0,1.59081,1.58802,-0.00857415,0.0225959
1765976266343876,0,1.59134,1.58864,0.0306536,0.0135238
1765976266363888,0,1.59185,1.59013,0.0744492,0.00762359
1765976266383915,0,1.59298,1.59242,0.114471,0.0113439
1765976266403896,0,1.59353,1.5925,0.00393765,0.0255566
1765976266423840,0,1.59412,1.58992,-0.129102,0.0390516
1765976266443881,0,1.59468,1.59135,0.0715101,0.0383137
1765976266463837,0,1.59528,1.59322,0.0933854,0.0270411
1765976266483837,0,1.59646,1.59329,0.00345707,0.0197704
1765976266503840,0,1.59707,1.59534,0.102779,0.0218816
1765976266523838,0,1.59772,1.59656,0.0610532,0.0312069
1765976266543901,0,1.59825,1.59915,0.128698,0.0459359
1765976266563843,0,1.59886,1.59825,-0.0448036,0.0612145
1765976266583838,0,1.60003,1.59553,-0.136266,0.065221
1765976266603898,0,1.60063,1.5987,0.157866,0.0506766
1765976266623891,0,1.60126,1.60059,0.0947032,0.0311099
1765976266643847,0,1.60177,1.59822,-0.118779,0.0220505
1765976266663907,0,1.60235,1.59982,0.0799998,0.0191272
1765976266683838,0,1.60341,1.6004,0.0289485,0.0163714
1765976266703894,0,1.60399,1.60111,0.0355975,0.0167548
1765976266723885,0,1.6045,1.60392,0.140235,0.0229355
1765976266743894,0,1.60506,1.60385,-0.00349126,0.0350906
1765976266763903,0,1.60552,1.60447,0.0311354,0.0479493
1765976266783881,0,1.60654,1.60391,-0.0280749,0.0527468
1765976266803894,0,1.60696,1.60416,0.0126161,0.046215
1765976266823865,0,1.60745,1.60462,0.0231303,0.0324527
1765976266843935,0,1.60789,1.60728,0.132265,0.0209315
1765976266863919,0,1.6083,1.60909,0.0908565,0.0215987
1765976266883926,0,1.60906,1.60764,-0.0725611,0.033517
1765976266903916,0,1.60946,1.60719,-0.0227565,0.0422398
1765976266923929,0,1.60982,1.60757,0.0189598,0.0375039
1765976266943918,0,1.61015,1.60821,0.0319895,0.0244384
1765976266963938,0,1.61048,1.60918,0.0484578,0.0136166
1765976266983896,0,1.61105,1.60895,-0.0113487,0.00998363
1765976267003926,0,1.61133,1.60956,0.0303885,0.0114243
1765976267023925,0,1.61159,1.61154,0.0991036,0.0157927
1765976267043961,0,1.61183,1.61268,0.0568916,0.0249388
1765976267063910,0,1.61204,1.61134,-0.0671908,0.0361173
1765976267083912,0,1.61242,1.60962,-0.0857983,0.0381356
1765976267103932,0,1.6126,1.61163,0.100006,0.0259417
1765976267123884,0,1.61274,1.6113,-0.01612,0.0098544
1765976267143908,0,1.61288,1.61159,0.0143773,0.000521419
1765976267163980,0,1.61299,1.61588,0.21354,0.00206762
1765976267183898,0,1.61317,1.61395,-0.096963,0.0159981
1765976267203893,0,1.61324,1.61014,-0.190651,0.0290339
1765976267223869,0,1.61329,1.61075,0.0306438,0.0217099
1765976267243939,0,1.61332,1.6142,0.171823,0.000857161
1765976267263853,0,1.61334,1.61384,-0.0180664,-0.00884927
1765976267283878,0,1.61334,1.61204,-0.0898609,-0.00317465
1765976267303871,0,1.61333,1.61394,0.0949596,0.00404917
1765976267323886,0,1.6133,1.61447,0.0268258,0.00886029
1765976267343866,0,1.61326,1.61401,-0.0230125,0.0144825
1765976267363892,0,1.6132,1.6139,-0.00555389,0.017969
1765976267383887,0,1.61304,1.61413,0.0113158,0.0161083
1765976267403871,0,1.61294,1.61264,-0.0745893,0.00965774
1765976267423835,0,1.61283,1.61097,-0.0832924,-0.00207055
1765976267443910,0,1.61269,1.61357,0.129399,-0.0167061
1765976267463875,0,1.61255,1.61482,0.0625214,-0.021953
1765976267483917,0,1.6122,1.61383,-0.0495288,-0.0113133
1765976267503893,0,1.61196,1.61326,-0.0283164,0.00386887
1765976267523847,0,1.61172,1.60988,-0.169351,0.00791375
1765976267543910,0,1.61146,1.61147,0.0789421,-0.0040263
1765976267563935,0,1.61116,1.6147,0.161392,-0.017859
1765976267583897,0,1.61046,1.61232,-0.119132,-0.0165599
1765976267603839,0,1.61001,1.60806,-0.213826,-0.00928271
1765976267623917,0,1.60956,1.61022,0.10778,-0.0149869
1765976267643977,0,1.60906,1.61517,0.246572,-0.0234272
1765976267663897,0,1.60854,1.61127,-0.195528,-0.0141868
1765976267683899,0,1.60733,1.60671,-0.22787,-0.000769983
1765976267703897,0,1.60659,1.60724,0.0265446,-0.00906523
1765976267723899,0,1.60588,1.60771,0.0232316,-0.0330667
1765976267743961,0,1.60508,1.6098,0.10436,-0.0472915
1765976267763936,0,1.60425,1.60905,-0.0376218,-0.0398774
1765976267783886,0,1.60237,1.60402,-0.252102,-0.0238975
1765976267803918,0,1.60131,1.60319,-0.0417459,-0.0226861
1765976267823837,0,1.60026,1.60176,-0.0717805,-0.0404845
1765976267843915,0,1.599,1.60252,0.0378622,-0.0613144
1765976267863924,0,1.59781,1.60527,0.137714,-0.0665429
1765976267883875,0,1.59522,1.60107,-0.210401,-0.0511766
1765976267903931,0,1.59364,1.59938,-0.08464,-0.0332609
1765976267923885,0,1.59216,1.59765,-0.0862854,-0.0315265
1765976267943928,0,1.59071,1.59542,-0.111507,-0.0455784
1765976267963911,0,1.58888,1.59441,-0.0503551,-0.0653305
1765976267983880,0,1.58528,1.59063,-0.189383,-0.0834537
1765976268003885,0,1.58338,1.58885,-0.0892118,-0.0990546
1765976268023880,0,1.58103,1.58811,-0.0366183,-0.110524
1765976268043898,0,1.57895,1.58708,-0.0516308,-0.111743
1765976268063910,0,1.57681,1.58565,-0.0715065,-0.101195
1765976268083901,0,1.57217,1.58236,-0.164601,-0.0869311
1765976268103890,0,1.56967,1.57835,-0.200668,-0.0817453
1765976268123876,0,1.56722,1.57481,-0.177126,-0.0935034
1765976268143873,0,1.56323,1.5721,-0.135484,-0.118015
1765976268163906,0,1.5619,1.57098,-0.0556504,-0.141609
1765976268183885,0,1.55606,1.56818,-0.14017,-0.151622
1765976268203905,0,1.55282,1.56447,-0.185566,-0.148566
1765976268223845,0,1.54988,1.55951,-0.248767,-0.14463
1765976268243894,0,1.5467,1.55637,-0.156662,-0.150106
1765976268263883,0,1.54362,1.55478,-0.0795683,-0.161296
1765976268283918,0,1.537,1.55156,-0.160651,-0.166655
1765976268303909,0,1.53346,1.54774,-0.191143,-0.163646
1765976268323902,0,1.52986,1.54211,-0.281498,-0.161232
1765976268343891,0,1.52641,1.53716,-0.247591,-0.169643
1765976268363922,0,1.52264,1.53411,-0.152149,-0.188484
1765976268383884,0,1.51483,1.52987,-0.212274,-0.206318
1765976268403920,0,1.51105,1.52583,-0.20181,-0.215342
1765976268423895,0,1.50673,1.52187,-0.198422,-0.216265
1765976268443893,0,1.50282,1.51619,-0.284104,-0.213785
1765976268463870,0,1.49883,1.51115,-0.252346,-0.214837
1765976268483877,0,1.49034,1.50682,-0.216122,-0.222044
1765976268503887,0,1.48562,1.50337,-0.172713,-0.229957
1765976268523888,0,1.48164,1.49862,-0.237238,-0.231684
1765976268543872,0,1.47681,1.49244,-0.309005,-0.22916
1765976268563870,0,1.47247,1.48656,-0.294441,-0.231375
1765976268583925,0,1.46337,1.48325,-0.164712,-0.240989
1765976268603921,0,1.45862,1.47857,-0.234448,-0.248745
1765976268623894,0,1.45439,1.47044,-0.406677,-0.251008
1765976268643846,0,1.4493,1.46233,-0.406812,-0.259659
1765976268663887,0,1.44503,1.45831,-0.20026,-0.281849
1765976268683886,0,1.43489,1.45558,-0.136472,-0.301565
1765976268703885,0,1.42961,1.45006,-0.276103,-0.299779
1765976268723896,0,1.42488,1.4443,-0.288161,-0.280716
1765976268743875,0,1.41984,1.43742,-0.344322,-0.26254
1765976268763890,0,1.41506,1.43101,-0.320117,-0.258592
1765976268783885,0,1.40546,1.42547,-0.276903,-0.268984
1765976268803838,0,1.40002,1.41808,-0.370377,-0.285469
1765976268823854,0,1.39516,1.41226,-0.290948,-0.3027
1765976268843911,0,1.39001,1.4095,-0.13742,-0.313882
1765976268863917,0,1.38005,1.40434,-0.257844,-0.307968
1765976268883898,0,1.37519,1.39571,-0.432288,-0.289048
1765976268903894,0,1.36968,1.38758,-0.406448,-0.279214
1765976268923874,0,1.36477,1.38055,-0.351834,-0.2917
1765976268943878,0,1.35956,1.37475,-0.289758,-0.317818
1765976268963874,0,1.35497,1.36997,-0.239301,-0.338568
1765976268983891,0,1.34372,1.36543,-0.226811,-0.340279
1765976269003876,0,1.33921,1.35986,-0.278795,-0.322301
1765976269023838,0,1.3347,1.35223,-0.382076,-0.29733
1765976269043859,0,1.32958,1.34635,-0.293733,-0.282317
1765976269063833,0,1.3194,1.34083,-0.276448,-0.281473
1765976269083869,0,1.31464,1.33533,-0.274343,-0.287057
1765976269103859,0,1.30931,1.32955,-0.289001,-0.291274
1765976269123837,0,1.30431,1.32158,-0.398872,-0.293779
1765976269143835,0,1.29994,1.31483,-0.337581,-0.300982
1765976269163843,0,1.29471,1.30976,-0.253469,-0.313189
1765976269183873,0,1.28523,1.30558,-0.208703,-0.320081
1765976269203899,0,1.28042,1.30099,-0.229055,-0.311908
1765976269223881,0,1.27566,1.29401,-0.34949,-0.291802
1765976269243891,0,1.27151,1.28688,-0.356424,-0.275323
1765976269263845,0,1.26171,1.27987,-0.35148,-0.274833
1765976269283843,0,1.25796,1.27364,-0.31109,-0.289605
1765976269303840,0,1.2532,1.26928,-0.218072,-0.307833
1765976269323941,0,1.24901,1.26709,-0.10924,-0.313199
1765976269343838,0,1.2446,1.26027,-0.342691,-0.296486
1765976269363950,0,1.24051,1.25426,-0.298806,-0.270917
1765976269383838,0,1.23202,1.24863,-0.283164,-0.255123
1765976269403838,0,1.2279,1.24076,-0.393349,-0.255479
1765976269423833,0,1.22409,1.23773,-0.15172,-0.268824
1765976269443841,0,1.22035,1.23435,-0.16859,-0.279448
1765976269463852,0,1.2126,1.2306,-0.187395,-0.27285
1765976269483885,0,1.20902,1.22651,-0.204577,-0.250229
1765976269503838,0,1.2053,1.21996,-0.328174,-0.225394
1765976269523887,0,1.20165,1.2144,-0.2774,-0.214107
1765976269543890,0,1.19809,1.2106,-0.189735,-0.219941
1765976269563839,0,1.19482,1.2042,-0.320853,-0.233054
1765976269583838,0,1.18834,1.1994,-0.240016,-0.246856
1765976269603864,0,1.18493,1.19756,-0.0918625,-0.255918
1765976269623832,0,1.18218,1.19407,-0.174719,-0.249877
1765976269643838,0,1.17913,1.18981,-0.213148,-0.228331
1765976269663857,0,1.1733,1.18697,-0.141885,-0.202987
1765976269683835,0,1.1707,1.18278,-0.209556,-0.18271
1765976269703859,0,1.16802,1.17872,-0.202734,-0.171625
1765976269723836,0,1.16543,1.17478,-0.197286,-0.170875
1765976269743887,0,1.16309,1.17181,-0.148002,-0.176861
1765976269763901,0,1.15863,1.16963,-0.109084,-0.181339
1765976269783936,0,1.15626,1.1664,-0.161068,-0.177758
1765976269803924,0,1.15413,1.16243,-0.198591,-0.168437
1765976269823852,0,1.15235,1.15658,-0.293908,-0.163137
1765976269843900,0,1.15042,1.15451,-0.103226,-0.169228
1765976269863875,0,1.14662,1.15414,-0.0183036,-0.177219
1765976269883883,0,1.14514,1.15213,-0.100715,-0.170591
1765976269903893,0,1.14355,1.1508,-0.0663545,-0.147395
1765976269923844,0,1.14208,1.14754,-0.163491,-0.119146
1765976269943863,0,1.1408,1.14513,-0.120037,-0.0993034
1765976269963896,0,1.13851,1.14506,-0.00369535,-0.0915853
1765976269983888,0,1.13748,1.14333,-0.0862467,-0.0879998
1765976270003878,0,1.13655,1.14039,-0.147327,-0.0838275
1765976270023850,0,1.13577,1.13777,-0.131338,-0.0840317
1765976270043886,0,1.13508,1.13724,-0.0260837,-0.0904872
1765976270063873,0,1.1339,1.13704,-0.0102229,-0.0945476
1765976270083888,0,1.13346,1.13599,-0.0523473,-0.0879536
1765976270103878,0,1.13313,1.13509,-0.0451314,-0.0728594
1765976270123884,0,1.13291,1.13407,-0.0508275,-0.0568606
1765976270143910,0,1.13278,1.13416,0.0044705,-0.0444478
1765976270163930,0,1.13282,1.13424,0.00400739,-0.0344827
1765976270183904,0,1.13301,1.13277,-0.073815,-0.0257045
1765976270203907,0,1.1333,1.13165,-0.0559127,-0.0215342
1765976270223902,0,1.13368,1.13193,0.0140166,-0.0238012
1765976270243901,0,1.13413,1.1324,0.0233066,-0.0267533
1765976270263893,0,0.371861,1.11915,-0.662681,-0.0358909
1765976270283892,0,0.311072,1.05294,-3.31034,-0.132508
1765976270303874,0,0.229426,0.906038,-7.35194,-0.5458
1765976270323888,0,0.211199,0.700285,-10.2805,-1.59265
1765976270343894,0,0.748459,0.496796,-10.1714,-3.3968
1765976270363894,0,1.14106,0.37474,-6.10282,-5.59798
1765976270383880,0,1.14247,0.393558,0.941559,-7.32696
1765976270403898,0,1.1439,0.546251,7.6278,-7.54873
1765976270423879,0,1.14523,0.765094,10.9525,-5.62519
1765976270443919,0,1.14694,0.976537,10.551,-1.78024
1765976270463902,0,1.15025,1.13123,7.74133,2.85845
1765976270483888,0,1.15212,1.21341,4.11161,6.82879
1765976270503837,0,1.15409,1.23571,1.1182,8.99636
1765976270523844,0,1.15614,1.22199,-0.68575,8.97084
1765976270543890,0,1.15816,1.19567,-1.31301,7.12982
1765976270563865,0,1.16258,1.16828,-1.37138,4.32011
1765976270583876,0,1.16484,1.14926,-0.950624,1.48682
1765976270603881,0,1.16762,1.14278,-0.323912,-0.667727
1765976270623837,0,1.17018,1.14402,0.0624063,-1.82052
1765976270643880,0,1.17268,1.15207,0.401635,-2.02781
1765976270663860,0,1.17822,1.16195,0.494551,-1.57546
1765976270683889,0,1.18077,1.17002,0.40263,-0.819861
1765976270703886,0,1.18374,1.17645,0.321794,-0.0824765
1765976270723905,0,1.18678,1.18045,0.19945,0.438336
1765976270743916,0,1.18971,1.18341,0.148298,0.679759
1765976270763888,0,1.19616,1.18448,0.0534627,0.679762
1765976270783906,0,1.1995,1.18658,0.104929,0.530878
1765976270803935,0,1.20311,1.19102,0.221623,0.334829
1765976270823924,0,1.20618,1.19457,0.177487,0.172202
1765976270843896,0,1.20993,1.197,0.121871,0.0805183
1765976270863921,0,1.21678,1.20144,0.221417,0.055345
1765976270883892,0,1.22029,1.20602,0.229763,0.0759398
1765976270903878,0,1.22431,1.20978,0.187988,0.120651
1765976270923902,0,1.22771,1.21547,0.284116,0.170031
1765976270943889,0,1.23139,1.22046,0.249852,0.21185
1765976270963917,0,1.23915,1.22488,0.220699,0.24171
1765976270983889,0,1.24347,1.22859,0.185642,0.25607
1765976271003879,0,1.2476,1.23175,0.158085,0.252956
1765976271023878,0,1.25153,1.2367,0.247407,0.236907
1765976271043932,0,1.25601,1.24342,0.335027,0.220561
1765976271063894,0,1.26412,1.24797,0.228189,0.216623
1765976271083908,0,1.26849,1.25145,0.173793,0.224402
1765976271103934,0,1.27265,1.25751,0.302488,0.233781
1765976271123905,0,1.27685,1.26202,0.226051,0.239973
1765976271143871,0,1.28162,1.26532,0.16498,0.242869
1765976271163863,0,1.2902,1.27043,0.255729,0.240199
1765976271183873,0,1.29537,1.27723,0.340006,0.235442
1765976271203905,0,1.29976,1.2846,0.367756,0.239877
1765976271223863,0,1.30446,1.28939,0.239983,0.257472
1765976271243893,0,1.3089,1.29415,0.237687,0.278515
1765976271263892,0,1.3087,1.29993,0.288769,0.290404
1765976271283917,0,1.30863,1.30437,0.221863,0.290021
1765976271303918,0,1.30951,1.30754,0.158618,0.279314
1765976271323931,0,1.31141,1.3091,0.077674,0.256486
1765976271343869,0,1.31411,1.30839,-0.0356229,0.217792
1765976271363924,0,1.32258,1.30999,0.0799008,0.164232
1765976271383890,0,1.32884,1.31307,0.154311,0.109506
1765976271403889,0,1.33553,1.31539,0.115931,0.0731144
1765976271423913,0,1.34068,1.3213,0.295314,0.0663247
1765976271443915,0,1.3451,1.32771,0.320212,0.0916069
1765976271463895,0,1.35101,1.33287,0.258203,0.143137
1765976271483919,0,1.35268,1.33908,0.310579,0.204624
1765976271503900,0,1.35434,1.34477,0.28462,0.258031
1765976271523930,0,1.35534,1.34959,0.240764,0.2933
1765976271543920,0,1.35613,1.35328,0.184276,0.305438
1765976271563841,0,1.35713,1.35259,-0.034618,0.289413
1765976271583933,0,1.3574,1.35576,0.157674,0.245506
1765976271603938,0,1.35782,1.35987,0.205454,0.188648
1765976271623901,0,1.35793,1.35776,-0.105445,0.138908
1765976271643894,0,1.3582,1.35618,-0.0792483,0.0965685
1765976271663895,0,1.3585,1.35678,0.0303492,0.0523817
1765976271683919,0,1.3585,1.35831,0.0762501,0.0133639
1765976271703899,0,1.35875,1.35856,0.0126667,-0.00697736
1765976271723850,0,1.35874,1.35671,-0.0930144,-0.00979926
1765976271743914,0,1.35899,1.35851,0.0898882,-0.00665063
1765976271763917,0,1.35918,1.36095,0.122147,0.000232491
1765976271783927,0,1.35915,1.36022,-0.0365909,0.0147368
1765976271803934,0,1.35938,1.35958,-0.032205,0.0295051
1765976271823840,0,1.35935,1.35633,-0.163387,0.0300555
1765976271843943,0,1.35962,1.35802,0.0841219,0.0122425
1765976271863897,0,1.35991,1.36063,0.130769,-0.00819288
1765976271883920,0,1.3599,1.35957,-0.0525764,-0.0126896
1765976271903919,0,1.36022,1.36025,0.0339704,-0.00294956
1765976271923906,0,1.3602,1.35955,-0.0350226,0.00827242
1765976271943843,0,1.36055,1.35766,-0.0949632,0.0117889
1765976271963885,0,1.36085,1.35887,0.0603362,0.00478573
1765976271983904,0,1.36083,1.36219,0.165972,-0.00271574
1765976272003903,0,1.36081,1.36238,0.00947165,0.00360059
1765976272023897,0,1.36116,1.36133,-0.0526348,0.0205343
1765976272043898,0,1.36116,1.36067,-0.0328882,0.0311962
1765976272063905,0,1.36146,1.36076,0.00443303,0.0272334
1765976272083910,0,1.36145,1.36103,0.0135984,0.014482
1765976272103933,0,1.36179,1.36169,0.0328997,0.00292185
1765976272123899,0,1.36178,1.36094,-0.0377582,-0.0024819
1765976272143892,0,1.36218,1.35992,-0.0507473,-0.00472567
1765976272163917,0,1.36258,1.36151,0.0795443,-0.00735418
1765976272183884,0,1.36258,1.36185,0.01689,-0.00685177
1765976272203881,0,1.363,1.36142,-0.0215265,-0.000735094
1765976272223839,0,1.363,1.36128,-0.0071915,0.00581012
1765976272243871,0,1.36343,1.36259,0.0653175,0.00913571
1765976272263894,0,1.36397,1.36518,0.12945,0.0141376
1765976272283881,0,1.36397,1.36483,-0.0172489,0.0257868
1765976272303929,0,1.36443,1.36497,0.00663001,0.0386585
1765976272323881,0,1.36444,1.36379,-0.0588219,0.0421349
1765976272343874,0,1.36491,1.36178,-0.100541,0.0305857
1765976272363883,0,1.36538,1.363,0.0608766,0.00736089
1765976272383878,0,1.36539,1.36424,0.0619507,-0.0136124
1765976272403904,0,1.36588,1.36562,0.0689445,-0.0180553
1765976272423875,0,1.3659,1.36565,0.00143259,-0.00542854
1765976272443893,0,1.3664,1.36544,-0.0104869,0.0128073
1765976272463862,0,1.36692,1.36541,-0.00148646,0.0246612
1765976272483878,0,1.36695,1.36559,0.00891568,0.0262688
1765976272503874,0,1.36746,1.36671,0.0559382,0.0218803
1765976272523838,0,1.36749,1.36597,-0.0369439,0.0170976
1765976272543838,0,1.36801,1.36603,0.00311136,0.0127721
1765976272563836,0,1.36864,1.36741,0.0691125,0.0087722
1765976272583836,0,1.36866,1.3683,0.0444829,0.00914153
1765976272603901,0,1.36921,1.37059,0.113904,0.0176139
1765976272623881,0,1.36923,1.37071,0.00594853,0.0325256
1765976272643884,0,1.36989,1.36856,-0.10732,0.0442812
1765976272663913,0,1.37052,1.36892,0.0179448,0.0413108
1765976272683924,0,1.37056,1.36956,0.0319782,0.0251835
1765976272703904,0,1.3712,1.36875,-0.0406195,0.00781802
1765976272723904,0,1.37124,1.36852,-0.0113189,-0.00488688
1765976272743869,0,1.37187,1.36868,0.00780995,-0.0129404
1765976272763886,0,1.37246,1.36998,0.0649258,-0.0145773
1765976272783877,0,1.37251,1.37188,0.0953388,-0.00626047
1765976272803887,0,1.37318,1.37279,0.0451399,0.0123156
1765976272823880,0,1.37321,1.37323,0.0223298,0.0342195
1765976272843882,0,1.37387,1.37314,-0.00489305,0.0492114
1765976272863883,0,1.37457,1.37332,0.00925614,0.05151
1765976272883861,0,1.37462,1.37287,-0.0223585,0.0421871
1765976272903883,0,1.37525,1.37357,0.0346756,0.0268277
1765976272923888,0,1.37531,1.37496,0.0695472,0.0137393
1765976272943915,0,1.37594,1.37583,0.0437206,0.0102376
1765976272963880,0,1.37665,1.37507,-0.0382915,0.0152801
1765976272983873,0,1.37646,1.37393,-0.0572286,0.0191224
1765976273003896,0,1.37647,1.37552,0.0793617,0.0154998
1765976273023887,0,1.3755,1.37654,0.0511936,0.0103383
1765976273043893,0,1.37294,1.37646,-0.00390889,0.0111659
1765976273063886,0,1.37103,1.37605,-0.0203204,0.0153649
1765976273083892,0,1.36913,1.3751,-0.0475562,0.0154591
1765976273103930,0,1.36718,1.37485,-0.0128383,0.00814031
1765976273123977,0,1.36528,1.37439,-0.0225669,-0.00376932
1765976273143889,0,1.36126,1.3689,-0.276058,-0.0195915
1765976273163879,0,1.35921,1.36342,-0.274056,-0.0491578
1765976273183883,0,1.35707,1.3628,-0.0306903,-0.0953795
1765976273203955,0,1.35499,1.36405,0.0621347,-0.13584
1765976273223843,0,1.35332,1.36,-0.203797,-0.146398
1765976273243893,0,1.3499,1.35609,-0.194968,-0.135211
1765976273263882,0,1.3481,1.35601,-0.00381083,-0.123508
1765976273283858,0,1.34646,1.35271,-0.165464,-0.115339
1765976273303878,0,1.34501,1.35079,-0.0957068,-0.109087
1765976273323890,0,1.34354,1.34978,-0.0503476,-0.105103
1765976273343900,0,1.34092,1.34783,-0.097536,-0.10065
1765976273363932,0,1.33977,1.34621,-0.0811947,-0.0944238
1765976273383877,0,1.33855,1.34247,-0.187059,-0.0902325
1765976273403873,0,1.33756,1.33899,-0.174045,-0.0945824
1765976273423897,0,1.33659,1.33932,0.0161395,-0.106961
1765976273443893,0,1.335,1.33918,-0.00672475,-0.113461
1765976273463908,0,1.33425,1.33825,-0.0468141,-0.102904
1765976273483881,0,1.33363,1.33645,-0.0900531,-0.0809135
1765976273503927,0,1.33315,1.33585,-0.0299123,-0.0603308
1765976273523901,0,1.33271,1.33506,-0.0392172,-0.0471524
1765976273543927,0,1.33208,1.33367,-0.0697183,-0.0407674
1765976273563900,0,1.33191,1.33269,-0.0491269,-0.040085
1765976273583880,0,1.33182,1.3309,-0.0893592,-0.0441856
1765976273603898,0,1.33181,1.3315,0.0298649,-0.0499958
1765976273623885,0,1.33189,1.33217,0.0334122,-0.0503772
1765976273643912,0,1.33231,1.33271,0.0271312,-0.0394708
1765976273663893,0,1.33349,1.33267,-0.00200462,-0.0200248
1765976273683905,0,1.33397,1.3322,-0.0233868,-0.000997806
1765976273703882,0,1.33528,1.33211,-0.00466048,0.00998151
1765976273723899,0,1.33784,1.33274,0.0317066,0.012187
1765976273743879,0,1.34733,1.33405,0.0655651,0.011606
1765976273763891,0,1.35364,1.3362,0.107081,0.0159245
1765976273783882,0,1.36208,1.34018,0.19899,0.0312236
1765976273803900,0,1.37076,1.3458,0.281039,0.0622908
1765976273823884,0,1.37984,1.35251,0.335515,0.111113
1765976273843885,0,1.40292,1.36021,0.385235,0.174596
1765976273863877,0,1.41719,1.37037,0.50813,0.246636
1765976273883896,0,1.4308,1.38339,0.650438,0.324994
1765976273903883,0,1.44617,1.39784,0.723099,0.411582
1765976273923894,0,1.4634,1.41311,0.762854,0.506145
1765976273943896,0,1.49732,1.42981,0.834942,0.602128
1765976273963901,0,1.51477,1.44761,0.890026,0.691278
1765976273983867,0,1.53394,1.46628,0.935112,0.768924
1765976274003903,0,1.5537,1.48818,1.09261,0.838006
1765976274023892,0,1.57279,1.51104,1.14389,0.904586
1765976274043897,0,1.61347,1.53229,1.06235,0.97143
1765976274063893,0,1.63371,1.55469,1.11993,1.03303
1765976274083895,0,1.65677,1.5785,1.19045,1.08121
1765976274103889,0,1.67875,1.60349,1.24988,1.1184
1765976274123847,0,1.69951,1.62732,1.19381,1.15006
1765976274143893,0,1.74399,1.65379,1.32067,1.18181
1765976274163881,0,1.76238,1.68101,1.36168,1.21448
1765976274183869,0,1.78275,1.7058,1.24054,1.24724
1765976274203903,0,1.80174,1.73298,1.35657,1.27893
1765976274223845,0,1.81233,1.7566,1.18462,1.29859
1765976274243874,0,1.83813,1.77853,1.09491,1.30024
1765976274263913,0,1.85713,1.8023,1.1859,1.28033
1765976274283939,0,1.87561,1.82226,0.996796,1.23839
1765976274303936,0,1.89752,1.83867,0.820605,1.17896
1765976274323903,0,1.91912,1.85355,0.745382,1.09913
1765976274343898,0,1.95907,1.87175,0.910069,1.00439
1765976274363907,0,1.97774,1.8954,1.18178,0.92228
1765976274383911,0,1.99957,1.92152,1.30576,0.891277
1765976274403903,0,2.01662,1.94743,1.29599,0.931615
1765976274423838,0,2.03576,1.96992,1.12848,1.02335
1765976274443905,0,2.06606,1.99591,1.29526,1.12859
1765976274463909,0,2.07511,2.02217,1.31263,1.21448
1765976274483936,0,2.07975,2.04223,1.00134,1.26524
1765976274503894,0,2.08052,2.05695,0.737846,1.26601
1765976274523896,0,2.08021,2.0679,0.547521,1.19726
1765976274543893,0,2.08611,2.07774,0.492134,1.0596
1765976274563890,0,2.09406,2.08351,0.288434,0.875223
1765976274583923,0,2.10459,2.08863,0.255271,0.677042
1765976274603898,0,2.11644,2.0916,0.1489,0.49199
1765976274623889,0,2.12987,2.09438,0.139216,0.337988
1765976274643915,0,2.16145,2.10361,0.460848,0.229879
1765976274663900,0,2.17912,2.11601,0.620354,0.188027
1765976274683926,0,2.19695,2.13243,0.819952,0.229299
1765976274703901,0,2.21609,2.15146,0.952576,0.348451
1765976274723930,0,2.23099,2.17241,1.0463,0.521243
1765976274743893,0,2.26193,2.19307,1.03473,0.710415
1765976274763902,0,2.27506,2.21304,0.998072,0.878877
1765976274783891,0,2.28524,2.2346,1.07878,1.00105
1765976274803897,0,2.2981,2.25444,0.991583,1.06887
1765976274823890,0,2.30768,2.27202,0.879119,1.08804
1765976274843888,0,2.32694,2.28654,0.725998,1.063
1765976274863896,0,2.33523,2.30009,0.677434,0.998814
1765976274883896,0,2.34214,2.31232,0.611603,0.906164
1765976274903873,0,2.34855,2.32193,0.480704,0.800419
1765976274923883,0,2.35369,2.33177,0.491874,0.695355
1765976274943890,0,2.36163,2.34199,0.510776,0.602388
1765976274963840,0,2.36282,2.34719,0.26097,0.52753
1765976274983910,0,2.35754,2.35539,0.408186,0.468107
1765976275003946,0,2.35141,2.36442,0.450658,0.421503
1765976275023839,0,2.34962,2.35867,-0.289019,0.379634
1765976275043925,0,2.35806,2.35657,-0.104241,0.31454
1765976275063899,0,2.37191,2.35872,0.107309,0.211195
1765976275083909,0,2.39027,2.35687,-0.0920789,0.0979822
1765976275104007,0,2.40839,2.36583,0.445472,0.016919
1765976275123899,0,2.42839,2.37083,0.251603,-0.00162156
1765976275143923,0,2.4557,2.37928,0.422067,0.0486265
1765976275163927,0,2.46928,2.40154,1.11254,0.156977
1765976275183930,0,2.48227,2.42421,1.13349,0.326581
1765976275203896,0,2.49536,2.44464,1.02317,0.54996
1765976275223902,0,2.52003,2.46453,0.994205,0.781044
1765976275243893,0,2.53091,2.4842,0.984134,0.963283
1765976275263883,0,2.54318,2.5008,0.830302,1.06474
1765976275283891,0,2.55565,2.51689,0.803876,1.08336
1765976275303887,0,2.57092,2.53145,0.728503,1.03483
1765976275323883,0,2.58605,2.54406,0.630457,0.94524
1765976275343895,0,2.61573,2.55779,0.685948,0.841879
1765976275363889,0,2.62227,2.57227,0.724187,0.749022
1765976275383841,0,2.62001,2.5847,0.623053,0.683878
1765976275403893,0,2.61074,2.60151,0.83865,0.653535
1765976275423896,0,2.59989,2.61622,0.735387,0.655579
1765976275443891,0,2.56725,2.61854,0.115769,0.668785
1765976275463899,0,2.5443,2.61303,-0.275299,0.640137
1765976275483899,0,2.52213,2.59943,-0.679934,0.510251
1765976275503897,0,2.49172,2.5783,-1.05685,0.257824
1765976275523906,0,2.46094,2.55316,-1.25602,-0.0939745
1765976275543884,0,2.38306,2.52313,-1.50331,-0.492861
1765976275563896,0,2.34319,2.48875,-1.71784,-0.885204
1765976275583883,0,2.30306,2.44889,-1.99455,-1.23486
1765976275603876,0,2.26232,2.40303,-2.29358,-1.53282
1765976275623892,0,2.18533,2.35629,-2.33519,-1.7911
1765976275643885,0,2.14422,2.30691,-2.46992,-2.01404
1765976275663877,0,2.10451,2.25427,-2.63306,-2.20126
1765976275683888,0,2.06502,2.20287,-2.56843,-2.3573
1765976275703882,0,2.03261,2.15375,-2.45702,-2.47633
1765976275723894,0,1.97595,2.10806,-2.2831,-2.54392
1765976275743883,0,1.95029,2.06528,-2.1403,-2.54601
1765976275763879,0,1.92633,2.02454,-2.03731,-2.4813
1765976275783894,0,1.90772,1.98852,-1.79937,-2.36514
1765976275803941,0,1.89152,1.95845,-1.50028,-2.21105
1765976275823847,0,1.87685,1.92783,-1.53814,-2.02328
1765976275843911,0,1.85506,1.90472,-1.15175,-1.82343
1765976275863869,0,1.84689,1.88844,-0.815817,-1.62066
1765976275883935,0,1.83897,1.87403,-0.717983,-1.4042
1765976275903895,0,1.83023,1.86108,-0.649052,-1.178
1765976275923920,0,1.80963,1.84775,-0.665518,-0.962892
1765976275943920,0,1.81188,1.83767,-0.504035,-0.786152
1765976275963846,0,1.81383,1.82451,-0.660383,-0.658354
1765976275983864,0,1.81617,1.81616,-0.417113,-0.579944
1765976276003934,0,1.81891,1.81692,0.0376754,-0.52858
1765976276023842,0,1.82536,1.81356,-0.168419,-0.461746
1765976276043840,0,1.82886,1.81099,-0.12864,-0.365384
1765976276063881,0,1.83252,1.81795,0.347254,-0.253725
1765976276083896,0,1.83591,1.825,0.352226,-0.127258
1765976276103895,0,1.8385,1.82893,0.196264,0.0137059
1765976276123894,0,1.84238,1.83192,0.149752,0.142835
1765976276143929,0,1.8431,1.83635,0.22086,0.229264
1765976276163895,0,1.84297,1.83851,0.108158,0.263688
1765976276183879,0,1.84199,1.83861,0.00514203,0.253075
1765976276203892,0,1.84017,1.84129,0.133803,0.210199
1765976276223910,0,1.83453,1.84393,0.132299,0.155772
1765976276243886,0,1.83084,1.84263,-0.0655305,0.109193
1765976276263860,0,1.8245,1.83834,-0.214426,0.0685638
1765976276283894,0,1.81627,1.83611,-0.111236,0.0199353
1765976276303880,0,1.8055,1.8323,-0.190821,-0.0378983
1765976276323906,0,1.78349,1.82559,-0.334841,-0.0976221
1765976276343874,0,1.77012,1.81557,-0.502222,-0.160912
1765976276363882,0,1.7589,1.80261,-0.647494,-0.238922
1765976276383884,0,1.75041,1.78978,-0.641729,-0.337672
1765976276403891,0,1.7401,1.77605,-0.686233,-0.447861
1765976276423887,0,1.72571,1.76244,-0.680386,-0.551297
1765976276443932,0,1.72024,1.75115,-0.563112,-0.631082
1765976276463910,0,1.71514,1.73955,-0.580831,-0.673034
1765976276483892,0,1.71122,1.72722,-0.616802,-0.676149
1765976276503881,0,1.70836,1.71877,-0.423146,-0.652938
1765976276523904,0,1.70364,1.71442,-0.217224,-0.60778
1765976276543866,0,1.70172,1.71003,-0.219978,-0.534948
1765976276563885,0,1.70021,1.70658,-0.172052,-0.43857
1765976276583874,0,1.69903,1.70486,-0.0861045,-0.335181
1765976276603895,0,1.69782,1.70311,-0.0873126,-0.239305
1765976276623945,0,1.69548,1.70332,0.0104048,-0.15902
1765976276643922,0,1.69447,1.70052,-0.140125,-0.0982729
1765976276663919,0,1.69322,1.69612,-0.22007,-0.0640139
1765976276683926,0,1.69205,1.69449,-0.0815166,-0.0614724
1765976276703922,0,1.69084,1.69343,-0.0531243,-0.0796599
1765976276723919,0,1.68821,1.69229,-0.0569012,-0.0975959
1765976276743920,0,1.6868,1.69149,-0.0400821,-0.102834
1765976276763893,0,1.68537,1.68964,-0.0924763,-0.0955646
1765976276783932,0,1.68394,1.68935,-0.0144438,-0.0822272
1765976276803905,0,1.68245,1.68828,-0.053663,-0.0677743
1765976276823891,0,1.67987,1.68487,-0.170738,-0.0569961
1765976276843880,0,1.67865,1.68298,-0.0946029,-0.0571909
1765976276863877,0,1.67742,1.6818,-0.0590413,-0.0685349
1765976276883891,0,1.67626,1.68135,-0.0221276,-0.0806984
1765976276903905,0,1.67531,1.68077,-0.0290072,-0.0835147
1765976276923884,0,1.67344,1.67819,-0.129126,-0.076707
1765976276943869,0,1.67267,1.6751,-0.154659,-0.0704283
1765976276963892,0,1.672,1.67469,-0.0206471,-0.0728308
1765976276983882,0,1.67145,1.67426,-0.0213074,-0.0784134
1765976277003888,0,1.67105,1.67298,-0.0639366,-0.0776409
1765976277023877,0,1.67054,1.67195,-0.0517653,-0.0701108
1765976277043872,0,1.67046,1.67086,-0.054385,-0.0609979
1765976277063901,0,1.67048,1.67163,0.0382227,-0.0522759
1765976277083896,0,1.67061,1.67179,0.00797113,-0.0410064
1765976277103873,0,1.67083,1.66983,-0.0980551,-0.0275294
1765976277123836,0,1.67157,1.66797,-0.0930003,-0.0203592
1765976277143882,0,1.67207,1.67013,0.107524,-0.0229913
1765976277163899,0,1.67275,1.67345,0.166322,-0.0220051
1765976277183904,0,1.67341,1.67345,-5.95897e-06,-0.00395503
1765976277203890,0,1.67429,1.67215,-0.0653367,0.0224273
1765976277223909,0,1.67597,1.67222,0.00337638,0.0375806
1765976277243863,0,1.67696,1.67177,-0.0221583,0.0347609
1765976277263847,0,1.67801,1.6714,-0.0185519,0.0204054
1765976277283942,0,1.67905,1.67735,0.295831,0.00845424
1765976277303896,0,1.68014,1.67963,0.114394,0.0170752
1765976277323919,0,1.68251,1.67816,-0.073295,0.0464705
1765976277343917,0,1.68371,1.67934,0.0587701,0.0726278
1765976277363897,0,1.68526,1.67918,-0.00815014,0.07862
1765976277383841,0,1.68652,1.67841,-0.0385948,0.0661373
1765976277403911,0,1.68781,1.68276,0.216834,0.0460801
1765976277423882,0,1.69045,1.68694,0.209188,0.0380357
1765976277443892,0,1.69188,1.68736,0.0212265,0.0536883
1765976277463886,0,1.6934,1.6889,0.0772231,0.0801462
1765976277483891,0,1.69476,1.69017,0.0630757,0.0983844
1765976277503882,0,1.69621,1.69143,0.063114,0.102434
1765976277523886,0,1.69894,1.69285,0.0710107,0.0957234
1765976277543886,0,1.70038,1.69478,0.0967979,0.0848614
1765976277563872,0,1.70182,1.69607,0.0641676,0.0759967
1765976277583903,0,1.70326,1.69877,0.134915,0.0725149
1765976277603891,0,1.70459,1.70094,0.108456,0.0758275
1765976277623878,0,1.70739,1.70109,0.00765225,0.0832621
1765976277643884,0,1.7086,1.70269,0.0801025,0.0872778
1765976277663885,0,1.71003,1.70501,0.115639,0.0850404
1765976277683884,0,1.71128,1.7068,0.0898108,0.0819528
1765976277703912,0,1.71251,1.70937,0.128346,0.0828985
1765976277723917,0,1.71505,1.71133,0.0976199,0.088302
1765976277743879,0,1.71634,1.7104,-0.0462278,0.0930712
1765976277763893,0,1.71747,1.71121,0.0402288,0.0883219
1765976277783882,0,1.71863,1.71377,0.128137,0.0737384
1765976277803888,0,1.7197,1.71575,0.098914,0.0612375
1765976277823876,0,1.72186,1.71744,0.0847968,0.0597008
1765976277843893,0,1.72283,1.7193,0.0927971,0.0671471
1765976277863936,0,1.72389,1.72261,0.165256,0.0791135
1765976277883929,0,1.72473,1.72343,0.0408852,0.0925983
1765976277903886,0,1.7256,1.72087,-0.128432,0.0984653
1765976277923883,0,1.72729,1.72058,-0.0141701,0.0838578
1765976277943903,0,1.72815,1.72396,0.168739,0.0529806
1765976277963848,0,1.72893,1.72476,0.0402604,0.0282115
1765976277983844,0,1.72966,1.72518,0.0206989,0.0217809
1765976278003936,0,1.73032,1.73138,0.308561,0.0317769
1765976278023843,0,1.73161,1.7311,-0.0138031,0.0560786
1765976278043892,0,1.73216,1.72917,-0.0965138,0.081948
1765976278063904,0,1.73268,1.7322,0.151317,0.0893568
1765976278083892,0,1.7332,1.7316,-0.0296711,0.077855
1765976278103866,0,1.73371,1.73019,-0.070992,0.0577438
1765976278123866,0,1.73449,1.73062,0.021553,0.0320671
1765976278143883,0,1.73489,1.73317,0.127356,0.0088516
1765976278163892,0,1.73526,1.73512,0.0979281,0.0022854
1765976278183888,0,1.73553,1.7353,0.00887691,0.0152566
1765976278203903,0,1.73581,1.7355,0.00998225,0.0349126
1765976278223879,0,1.73627,1.73487,-0.0314912,0.0462303
1765976278243841,0,1.73645,1.73295,-0.0963193,0.0415425
1765976278263889,0,1.73659,1.73527,0.115749,0.0234875
1765976278283883,0,1.73674,1.73792,0.132553,0.00795262
1765976278303908,0,1.73683,1.73814,0.010894,0.0097527
1765976278323840,0,1.73696,1.7357,-0.122606,0.0218574
1765976278343895,0,1.73699,1.73571,0.000748959,0.0255276
1765976278363932,0,1.73699,1.73965,0.196499,0.0190067
1765976278383886,0,1.73698,1.73753,-0.106036,0.015852
1765976278403929,0,1.73694,1.73642,-0.0557238,0.0164792
1765976278423917,0,1.73681,1.73712,0.0354682,0.0109801
1765976278443840,0,1.73672,1.73335,-0.189623,-0.00216391
1765976278463916,0,1.73661,1.73535,0.0999349,-0.0199034
1765976278483930,0,1.73649,1.73997,0.230872,-0.0294654
1765976278503930,0,1.73635,1.7389,-0.0538647,-0.0152103
1765976278523910,0,1.73603,1.73645,-0.122527,0.0116822
1765976278543919,0,1.73584,1.73539,-0.0526191,0.0240248
1765976278563846,0,1.73566,1.73324,-0.108184,0.0118896
1765976278583883,0,1.73547,1.73383,0.0296462,-0.0147739
1765976278603910,0,1.73523,1.73815,0.215484,-0.0347651
1765976278623914,0,1.7348,1.7386,0.0226512,-0.0285239
1765976278643927,0,1.73455,1.73739,-0.0605845,-0.000798357
1765976278663837,0,1.73435,1.73283,-0.229186,0.0202547
1765976278683842,0,1.73412,1.73063,-0.109883,0.0113652
1765976278703888,0,1.73387,1.73521,0.228725,-0.0195451
1765976278723878,0,1.73336,1.73691,0.0850566,-0.0383327
1765976278743835,0,1.7331,1.73391,-0.15039,-0.0287797
1765976278763879,0,1.73285,1.73404,0.00616149,-0.0100478
1765976278783872,0,1.7326,1.73511,0.0539492,0.000410361
1765976278803890,0,1.73234,1.73419,-0.046158,0.00428739
1765976278823877,0,1.73183,1.73305,-0.0569475,0.00378482
1765976278843920,0,1.73159,1.7331,0.00236123,-0.00290401
1765976278863877,0,1.73134,1.73181,-0.0647626,-0.0133183
1765976278883896,0,1.73111,1.73027,-0.0765967,-0.024769
1765976278903877,0,1.73086,1.73062,0.0171944,-0.03598
1765976278923881,0,1.73042,1.73048,-0.00704386,-0.0422336
1765976278943871,0,1.73018,1.73085,0.0184867,-0.0391893
1765976278963875,0,1.72997,1.73099,0.00712729,-0.0279461
1765976278983837,0,1.72977,1.72993,-0.0530357,-0.0142888
1765976279003887,0,1.72955,1.73099,0.0527315,-0.00416841
1765976279023837,0,1.72916,1.73083,-0.00762461,0.00176839
1765976279043887,0,1.72899,1.7304,-0.0218679,0.00516544
1765976279063924,0,1.7288,1.73282,0.120976,0.00741067
1765976279083933,0,1.72865,1.73165,-0.0583386,0.0115979
1765976279103897,0,1.72834,1.72773,-0.196542,0.012526
1765976279123882,0,1.7282,1.72506,-0.133388,-0.00365144
1765976279143871,0,1.72806,1.72547,0.0204735,-0.0365967
1765976279163887,0,1.72793,1.7276,0.106095,-0.0644502
1765976279183839,0,1.72782,1.72766,0.00338771,-0.0666091
1765976279203893,0,1.7277,1.72911,0.0721652,-0.0434728
1765976279223882,0,1.7275,1.7308,0.0845778,-0.00817111
1765976279243931,0,1.72742,1.73065,-0.00771183,0.0270447
1765976279263913,0,1.72734,1.72943,-0.0607501,0.0495144
1765976279283922,0,1.72728,1.72684,-0.129826,0.0482506
1765976279303899,0,1.72722,1.72542,-0.0709993,0.022212
1765976279323891,0,1.72712,1.72463,-0.0394264,-0.016946
1765976279343918,0,1.72709,1.72668,0.102316,-0.0492761
1765976279363934,0,1.72706,1.72876,0.104249,-0.0564749
1765976279383935,0,1.72704,1.72853,-0.0115746,-0.0354573
1765976279403900,0,1.72703,1.72625,-0.114492,-0.00455904
1765976279423889,0,1.72704,1.72483,-0.0707181,0.0119889
1765976279443883,0,1.72705,1.7257,0.0434529,0.00720737
1765976279463848,0,1.72707,1.72576,0.00271079,-0.00626214
1765976279483880,0,1.72709,1.72747,0.0855151,-0.0134691
1765976279503840,0,1.72712,1.72812,0.032478,-0.00816499
1765976279523872,0,1.7272,1.72817,0.0025113,0.00638831
1765976279543920,0,1.72726,1.73089,0.135763,0.0231208
1765976279563900,0,1.72731,1.72951,-0.069145,0.0376186
1765976279583893,0,1.72737,1.72621,-0.165133,0.041283
1765976279603889,0,1.72744,1.72527,-0.0469957,0.0235433
1765976279623885,0,1.72758,1.72547,0.0102064,-0.00952473
1765976279643893,0,1.72767,1.72657,0.0549276,-0.0371501
1765976279663885,0,1.72775,1.72731,0.037244,-0.0442069
1765976279683897,0,1.72784,1.72795,0.0315477,-0.0307289
1765976279703882,0,1.72792,1.72798,0.0017179,-0.00739229
1765976279723882,0,1.72812,1.72753,-0.0222802,0.0131281
1765976279743891,0,1.72822,1.72822,0.0342096,0.0234047
1765976279763891,0,1.72832,1.72854,0.0158668,0.024564
1765976279783880,0,1.72842,1.72791,-0.0311963,0.0209428
1765976279803901,0,1.72854,1.72839,0.0238943,0.0145337
1765976279823885,0,1.72875,1.72848,0.00428304,0.00761142
1765976279843877,0,1.72886,1.72754,-0.0467547,0.00214935
1765976279863896,0,1.72898,1.72855,0.050461,-0.0021471
1765976279883890,0,1.72909,1.72924,0.0343664,-0.00330093
1765976279903841,0,1.72932,1.7272,-0.102156,-0.000761558
1765976279923882,0,1.72943,1.72825,0.0521485,0.000147951
1765976279943859,0,1.72955,1.72998,0.0869917,-0.000259021
1765976279963856,0,1.72966,1.72924,-0.037336,0.00419084
1765976279983889,0,1.72977,1.73081,0.0786318,0.0128117
1765976280003842,0,1.72988,1.72982,-0.0499409,0.0203921
1765976280023877,0,1.73011,1.72931,-0.0251449,0.0223384
1765976280043879,0,1.73021,1.73087,0.0776511,0.0175519
1765976280063860,0,1.73032,1.72961,-0.0626802,0.0109264
1765976280083888,0,1.73044,1.72997,0.0179635,0.00536681
1765976280103862,0,1.73065,1.73002,0.00216646,0.000427409
1765976280123895,0,1.73074,1.73032,0.0153884,-0.0023199
1765976280143879,0,1.73085,1.7309,0.0286331,-0.00130752
1765976280163881,0,1.73095,1.73008,-0.0408191,0.00225977
1765976280183888,0,1.73104,1.73063,0.0272715,0.00499059
1765976280203877,0,1.73124,1.73056,-0.00339337,0.00546546
1765976280223873,0,1.73132,1.73028,-0.0139562,0.00464949
1765976280243839,0,1.73141,1.7296,-0.0342773,0.0020443
1765976280263856,0,1.73149,1.73043,0.041658,-0.00231567
1765976280283833,0,1.73158,1.73153,0.0551321,-0.00405652
1765976280303856,0,1.73174,1.73231,0.0390438,0.00152942
1765976280323889,0,1.73181,1.73443,0.105678,0.0146536
1765976280343907,0,1.73189,1.73459,0.00815849,0.0318549
1765976280363858,0,1.73196,1.73105,-0.177604,0.0427378
1765976280383929,0,1.73202,1.73117,0.00596908,0.0344353
1765976280403935,0,1.73214,1.73333,0.10787,0.0117753
1765976280423908,0,1.7322,1.73076,-0.128466,-0.00744749
1765976280443933,0,1.73226,1.7304,-0.0179067,-0.0188242
1765976280463923,0,1.73232,1.7313,0.0450598,-0.026228
1765976280483934,0,1.73237,1.73159,0.0142079,-0.0265333
1765976280503910,0,1.73246,1.73147,-0.00584231,-0.0181433
1765976280523922,0,1.73251,1.7317,0.0115325,-0.00634596
1765976280543899,0,1.73254,1.73207,0.0185106,0.00380583
1765976280563933,0,1.73258,1.73315,0.0536126,0.0116736
1765976280583911,0,1.73261,1.73358,0.0218035,0.0187881
1765976280603929,0,1.73268,1.73297,-0.030639,0.0241883
1765976280623919,0,1.73271,1.73293,-0.00163995,0.0240721
1765976280643882,0,1.73273,1.73095,-0.0992764,0.0158179
1765976280663841,0,1.73275,1.72932,-0.0817186,-0.0013726
1765976280683921,0,1.73277,1.73345,0.205678,-0.0206972
1765976280703894,0,1.73281,1.73598,0.126497,-0.0231638
1765976280723904,0,1.73282,1.734,-0.0989598,-0.00175174
1765976280743961,0,1.73284,1.73544,0.0717146,0.0251229
1765976280763933,0,1.73285,1.73415,-0.0642305,0.0394103
1765976280783911,0,1.73285,1.73036,-0.189811,0.0342801
1765976280803921,0,1.73287,1.73032,-0.00210895,0.00823107
1765976280823905,0,1.73287,1.73125,0.0464215,-0.0258212
1765976280843928,0,1.73287,1.73268,0.0713422,-0.0454164
1765976280863898,0,1.73287,1.73303,0.0179262,-0.0404501
1765976280883906,0,1.73287,1.73267,-0.0183747,-0.019242
1765976280903874,0,1.73286,1.73246,-0.0104595,0.00238534
1765976280923888,0,1.73286,1.73267,0.0106677,0.0146798
1765976280943841,0,1.73285,1.73233,-0.0168899,0.0170547
1765976280963876,0,1.73285,1.73303,0.0346531,0.0133979
1765976280983887,0,1.73284,1.73534,0.11545,0.0107554
1765976281003898,0,1.73282,1.73504,-0.0149287,0.0154004
1765976281023843,0,1.73281,1.73198,-0.153439,0.0213799
1765976281043901,0,1.7328,1.73218,0.00980633,0.0155188
1765976281063876,0,1.73279,1.73349,0.0659933,-0.000489523
1765976281083889,0,1.73277,1.73247,-0.0513458,-0.0128685
1765976281103897,0,1.73275,1.73313,0.0331329,-0.016214
1765976281123891,0,1.73273,1.73274,-0.01958,-0.0135813
1765976281143887,0,1.73272,1.73212,-0.0308635,-0.00905645
1765976281163921,0,1.7327,1.73334,0.0607114,-0.00542261
1765976281183892,0,1.73269,1.73297,-0.0184147,-0.00167802
1765976281203924,0,1.73266,1.73262,-0.0172042,0.00238129
1765976281223836,0,1.73265,1.73046,-0.108972,0.00188287
1765976281243936,0,1.73263,1.73228,0.0908244,-0.00558207
1765976281263861,0,1.73262,1.73384,0.0781247,-0.0112184
1765976281283893,0,1.7326,1.73199,-0.0920135,-0.00699887
1765976281303881,0,1.73257,1.73332,0.0664871,0.00143332
1765976281323888,0,1.73256,1.73298,-0.0169814,0.00740337
1765976281343895,0,1.73255,1.73333,0.01747,0.0107359
1765976281363848,0,1.73253,1.73146,-0.0939431,0.0100596
1765976281383923,0,1.73252,1.7331,0.0817215,0.00406405
1765976281403916,0,1.73249,1.7352,0.104881,-0.000185626
1765976281423865,0,1.73248,1.73124,-0.19819,0.00252709
1765976281443914,0,1.73247,1.73138,0.00692102,0.00233368
1765976281463885,0,1.73246,1.73253,0.0577811,-0.00631652
1765976281483924,0,1.73245,1.73281,0.0135813,-0.0130159
1765976281503872,0,1.73243,1.73208,-0.0366568,-0.0114717
1765976281523897,0,1.73242,1.73131,-0.0381708,-0.00742395
1765976281543871,0,1.73241,1.73211,0.0401482,-0.0062066
1765976281563883,0,1.73241,1.7322,0.00434853,-0.00581313
1765976281583889,0,1.73239,1.73341,0.0603018,-0.00214099
1765976281603911,0,1.73239,1.73411,0.035271,0.006273
1765976281623880,0,1.73238,1.73273,-0.0691771,0.0159411
1765976281643909,0,1.73238,1.73212,-0.0306281,0.0187437
1765976281663915,0,1.73237,1.73312,0.0503032,0.0120351
1765976281683918,0,1.73237,1.73256,-0.0279981,0.00273655
1765976281703890,0,1.73236,1.73104,-0.0761622,-0.00491044
1765976281723924,0,1.73236,1.73167,0.0311798,-0.0127411
1765976281743940,0,1.73236,1.73372,0.102408,-0.0169548
1765976281763932,0,1.73236,1.733,-0.0359441,-0.0108793
1765976281783927,0,1.73236,1.7317,-0.0648959,0.000358035
1765976281803911,0,1.73236,1.73091,-0.0393825,0.00445283
1765976281823887,0,1.73236,1.73026,-0.0326489,-0.00249967
1765976281843931,0,1.73236,1.73258,0.115778,-0.0125961
1765976281863918,0,1.73236,1.73416,0.0789559,-0.0127443
1765976281883902,0,1.73237,1.73244,-0.0863349,0.000222203
1765976281903918,0,1.73237,1.73247,0.00150084,0.0136955
1765976281923877,0,1.73238,1.7316,-0.0432544,0.0163429
1765976281943870,0,1.73238,1.73057,-0.0515045,0.00785256
1765976281963895,0,1.73239,1.7328,0.111214,-0.00481541
1765976281983901,0,1.7324,1.73434,0.0768729,-0.0093651
1765976282003877,0,1.73241,1.73293,-0.0706507,-0.000596659
1765976282023872,0,1.73241,1.73162,-0.0651224,0.00986103
1765976282043937,0,1.73242,1.73419,0.128038,0.0118243
1765976282063891,0,1.73243,1.73368,-0.0258803,0.0106413
1765976282083917,0,1.73244,1.73169,-0.0994343,0.0100659
1765976282103893,0,1.73245,1.73157,-0.00597359,0.00385032
1765976282123881,0,1.73246,1.73046,-0.0553523,-0.00936918
